{
  "version": "7",
  "dialect": "mysql",
  "entries": [
    {
      "idx": 0,
      "version": "5",
      "when": 1761166071796,
      "tag": "0000_wealthy_plazm",
      "breakpoints": true
    },
    {
      "idx": 1,
      "version": "5",
      "when": 1761166100860,
      "tag": "0001_cute_naoko",
      "breakpoints": true
    },
    {
      "idx": 2,
      "version": "5",
      "when": 1761177408618,
      "tag": "0002_curious_scarlet_witch",
      "breakpoints": true
    },
    {
      "idx": 3,
      "version": "5",
      "when": 1761178297683,
      "tag": "0003_round_bloodaxe",
      "breakpoints": true
    },
    {
      "idx": 4,
      "version": "5",
      "when": 1761178390300,
      "tag": "0004_awesome_jean_grey",
      "breakpoints": true
    },
    {
      "idx": 5,
      "version": "5",
      "when": 1761178872012,
      "tag": "0005_sticky_nova",
      "breakpoints": true
    },
    {
      "idx": 6,
      "version": "5",
      "when": 1761179026589,
      "tag": "0006_famous_zeigeist",
      "breakpoints": true
    },
    {
      "idx": 7,
      "version": "5",
      "when": 1761179161666,
      "tag": "0007_lonely_joystick",
      "breakpoints": true
    },
    {
      "idx": 8,
      "version": "5",
      "when": 1761207990400,
      "tag": "0008_volatile_rocket_raccoon",
      "breakpoints": true
    },
    {
      "idx": 9,
      "version": "5",
      "when": 1761210589596,
      "tag": "0009_wonderful_nicolaos",
      "breakpoints": true
    }
  ]
}